strategy,season,dry_yield_t_ha,irrigation_mm
rainfed,1979-80,8.9401,0.0
rainfed,1980-81,8.3096,0.0
rainfed,1981-82,9.1361,0.0
rainfed,1982-83,8.8116,0.0
rainfed,1983-84,8.6827,0.0
rainfed,1984-85,8.9251,0.0
rainfed,1985-86,9.1916,0.0
rainfed,1986-87,8.8509,0.0
rainfed,1987-88,8.5579,0.0
rainfed,1988-89,8.8915,0.0
rainfed,1989-90,9.7612,0.0
rainfed,1990-91,9.2413,0.0
rainfed,1991-92,9.1002,0.0
rainfed,1992-93,8.9673,0.0
rainfed,1993-94,9.5101,0.0
rainfed,1994-95,9.6021,0.0
rainfed,1995-96,9.8113,0.0
rainfed,1996-97,9.6646,0.0
rainfed,1997-98,9.9835,0.0
rainfed,1998-99,9.5083,0.0
rainfed,1999-00,9.724,0.0
rainfed,2000-01,10.178,0.0
rainfed,2001-02,8.8037,0.0
fixed_7d,1979-80,8.9401,725.0
fixed_7d,1980-81,8.3096,725.0
fixed_7d,1981-82,9.1368,725.0
fixed_7d,1982-83,8.8116,725.0
fixed_7d,1983-84,8.6827,725.0
fixed_7d,1984-85,8.9251,725.0
fixed_7d,1985-86,9.1917,725.0
fixed_7d,1986-87,8.8509,725.0
fixed_7d,1987-88,9.4465,725.0
fixed_7d,1988-89,9.2686,725.0
fixed_7d,1989-90,9.7612,725.0
fixed_7d,1990-91,9.2424,725.0
fixed_7d,1991-92,9.1002,725.0
fixed_7d,1992-93,8.9673,725.0
fixed_7d,1993-94,9.7693,725.0
fixed_7d,1994-95,9.624,725.0
fixed_7d,1995-96,9.8113,725.0
fixed_7d,1996-97,10.0146,725.0
fixed_7d,1997-98,9.9835,725.0
fixed_7d,1998-99,9.5086,725.0
fixed_7d,1999-00,9.8618,725.0
fixed_7d,2000-01,10.1813,725.0
fixed_7d,2001-02,10.0265,725.0
smt_40,1979-80,8.9401,0.0
smt_40,1980-81,8.3096,0.0
smt_40,1981-82,9.1361,0.0
smt_40,1982-83,8.8116,0.0
smt_40,1983-84,8.6827,0.0
smt_40,1984-85,8.9251,0.0
smt_40,1985-86,9.1916,25.0
smt_40,1986-87,8.8509,0.0
smt_40,1987-88,9.423,100.0
smt_40,1988-89,9.2695,75.0
smt_40,1989-90,9.7612,25.0
smt_40,1990-91,9.2413,0.0
smt_40,1991-92,9.1002,0.0
smt_40,1992-93,8.9673,0.0
smt_40,1993-94,9.7677,75.0
smt_40,1994-95,9.6185,50.0
smt_40,1995-96,9.8113,0.0
smt_40,1996-97,9.9912,75.0
smt_40,1997-98,9.9835,0.0
smt_40,1998-99,9.5083,0.0
smt_40,1999-00,9.8578,50.0
smt_40,2000-01,10.1811,25.0
smt_40,2001-02,10.0296,100.0
smt_50,1979-80,8.9401,0.0
smt_50,1980-81,8.3096,25.0
smt_50,1981-82,9.1361,0.0
smt_50,1982-83,8.8116,25.0
smt_50,1983-84,8.6827,0.0
smt_50,1984-85,8.9251,0.0
smt_50,1985-86,9.1916,25.0
smt_50,1986-87,8.8509,0.0
smt_50,1987-88,9.4319,125.0
smt_50,1988-89,9.2695,100.0
smt_50,1989-90,9.7612,25.0
smt_50,1990-91,9.2413,0.0
smt_50,1991-92,9.1002,0.0
smt_50,1992-93,8.9673,0.0
smt_50,1993-94,9.7677,75.0
smt_50,1994-95,9.6185,75.0
smt_50,1995-96,9.8113,0.0
smt_50,1996-97,9.9951,100.0
smt_50,1997-98,9.9835,25.0
smt_50,1998-99,9.5083,0.0
smt_50,1999-00,9.8578,75.0
smt_50,2000-01,10.1811,50.0
smt_50,2001-02,10.0296,125.0
smt_60,1979-80,8.9401,0.0
smt_60,1980-81,8.3096,25.0
smt_60,1981-82,9.1363,39.96
smt_60,1982-83,8.8116,40.91
smt_60,1983-84,8.6827,0.0
smt_60,1984-85,8.9251,14.41
smt_60,1985-86,9.1914,50.0
smt_60,1986-87,8.8509,0.0
smt_60,1987-88,9.4397,150.0
smt_60,1988-89,9.2678,141.04
smt_60,1989-90,9.7612,50.0
smt_60,1990-91,9.2413,0.0
smt_60,1991-92,9.1002,14.42
smt_60,1992-93,8.9673,15.67
smt_60,1993-94,9.7691,115.28
smt_60,1994-95,9.623,100.0
smt_60,1995-96,9.8113,0.0
smt_60,1996-97,10.0115,125.0
smt_60,1997-98,9.9835,50.0
smt_60,1998-99,9.5083,25.0
smt_60,1999-00,9.8578,100.0
smt_60,2000-01,10.1811,75.0
smt_60,2001-02,10.0265,164.97
smt_70,1979-80,8.9401,30.95
smt_70,1980-81,8.3096,75.66
smt_70,1981-82,9.1368,69.27
smt_70,1982-83,8.8116,64.23
smt_70,1983-84,8.6827,38.73
smt_70,1984-85,8.9251,48.28
smt_70,1985-86,9.1917,86.68
smt_70,1986-87,8.8509,13.36
smt_70,1987-88,9.4465,179.76
smt_70,1988-89,9.2686,174.75
smt_70,1989-90,9.7612,85.91
smt_70,1990-91,9.2424,63.34
smt_70,1991-92,9.1002,24.52
smt_70,1992-93,8.9673,27.95
smt_70,1993-94,9.7693,151.78
smt_70,1994-95,9.624,161.25
smt_70,1995-96,9.8113,36.57
smt_70,1996-97,10.0146,165.69
smt_70,1997-98,9.9835,86.64
smt_70,1998-99,9.5086,60.81
smt_70,1999-00,9.8617,136.51
smt_70,2000-01,10.1813,118.84
smt_70,2001-02,10.0265,195.2997
smt_80,1979-80,8.9401,86.88
smt_80,1980-81,8.3096,135.21
smt_80,1981-82,9.1368,146.68
smt_80,1982-83,8.8116,133.35
smt_80,1983-84,8.6827,81.05
smt_80,1984-85,8.9251,64.39
smt_80,1985-86,9.1917,153.61
smt_80,1986-87,8.8509,71.43
smt_80,1987-88,9.4465,260.69
smt_80,1988-89,9.2686,217.3
smt_80,1989-90,9.7612,153.76
smt_80,1990-91,9.2424,103.59
smt_80,1991-92,9.1002,61.36
smt_80,1992-93,8.9673,103.59
smt_80,1993-94,9.7693,228.37
smt_80,1994-95,9.624,217.56
smt_80,1995-96,9.8113,106.98
smt_80,1996-97,10.0146,209.81
smt_80,1997-98,9.9835,142.07
smt_80,1998-99,9.5086,119.53
smt_80,1999-00,9.8618,211.08
smt_80,2000-01,10.1813,172.83
smt_80,2001-02,10.0265,259.0293
smt_90,1979-80,8.9401,183.5701
smt_90,1980-81,8.3096,219.6589
smt_90,1981-82,9.1368,255.1775
smt_90,1982-83,8.8116,214.6669
smt_90,1983-84,8.6827,165.2617
smt_90,1984-85,8.9251,242.4402
smt_90,1985-86,9.1917,229.687
smt_90,1986-87,8.8509,153.9107
smt_90,1987-88,9.4465,340.5745
smt_90,1988-89,9.2686,300.836
smt_90,1989-90,9.7612,244.3016
smt_90,1990-91,9.2424,171.1075
smt_90,1991-92,9.1002,182.6095
smt_90,1992-93,8.9673,199.6625
smt_90,1993-94,9.7693,304.2356
smt_90,1994-95,9.624,284.7382
smt_90,1995-96,9.8113,196.5558
smt_90,1996-97,10.0146,320.9297
smt_90,1997-98,9.9835,180.4554
smt_90,1998-99,9.5086,228.2547
smt_90,1999-00,9.8618,265.826
smt_90,2000-01,10.1813,267.2376
smt_90,2001-02,10.0265,332.2586
